Time Stamp, Date, Time, Counter Value, Increment
2024-10-24 12:56:01.0460, 2024-10-24, 12:56:01, 1, 1
2024-10-24 12:56:16.0710, 2024-10-24, 12:56:16, 2, 1
2024-10-24 12:56:22.5690, 2024-10-24, 12:56:22, 3, 1
2024-10-24 12:56:28.3440, 2024-10-24, 12:56:28, 4, 1
2024-10-24 12:56:52.4670, 2024-10-24, 12:56:52, 5, 1
2024-10-24 12:56:55.1150, 2024-10-24, 12:56:55, 6, 1
2024-10-24 12:56:55.8960, 2024-10-24, 12:56:55, 7, 1
2024-10-24 12:57:00.9160, 2024-10-24, 12:57:00, 8, 1
2024-10-24 12:57:02.1150, 2024-10-24, 12:57:02, 9, 1
2024-10-24 12:57:02.6720, 2024-10-24, 12:57:02, 10, 1
2024-10-24 12:57:03.8790, 2024-10-24, 12:57:03, 11, 1
2024-10-24 12:57:07.4670, 2024-10-24, 12:57:07, 12, 1
2024-10-24 12:57:38.7460, 2024-10-24, 12:57:38, 13, 1
2024-10-24 12:57:39.2760, 2024-10-24, 12:57:39, 14, 1
2024-10-24 12:57:40.3510, 2024-10-24, 12:57:40, 15, 1
2024-10-24 12:57:51.1620, 2024-10-24, 12:57:51, 16, 1
2024-10-24 12:57:56.2390, 2024-10-24, 12:57:56, 17, 1
2024-10-24 12:58:09.2950, 2024-10-24, 12:58:09, 18, 1
2024-10-24 12:58:19.5990, 2024-10-24, 12:58:19, 19, 1
2024-10-24 12:58:37.2140, 2024-10-24, 12:58:37, 20, 1
2024-10-24 12:58:40.6330, 2024-10-24, 12:58:40, 21, 1
2024-10-24 12:58:41.1130, 2024-10-24, 12:58:41, 22, 1
2024-10-24 12:58:48.9720, 2024-10-24, 12:58:48, 23, 1
2024-10-24 12:58:53.4490, 2024-10-24, 12:58:53, 24, 1
2024-10-24 12:59:00.7660, 2024-10-24, 12:59:00, 25, 1
2024-10-24 12:59:08.6250, 2024-10-24, 12:59:08, 26, 1
2024-10-24 12:59:15.2220, 2024-10-24, 12:59:15, 27, 1
2024-10-24 12:59:21.6710, 2024-10-24, 12:59:21, 28, 1
2024-10-24 12:59:28.4190, 2024-10-24, 12:59:28, 29, 1
2024-10-24 12:59:34.6350, 2024-10-24, 12:59:34, 30, 1
2024-10-24 12:59:40.3890, 2024-10-24, 12:59:40, 31, 1
2024-10-24 12:59:53.3250, 2024-10-24, 12:59:53, 32, 1
2024-10-24 13:00:12.2990, 2024-10-24, 13:00:12, 33, 1
2024-10-24 13:00:33.0640, 2024-10-24, 13:00:33, 34, 1
2024-10-24 13:01:10.2020, 2024-10-24, 13:01:10, 35, 1
2024-10-24 13:01:29.3600, 2024-10-24, 13:01:29, 36, 1
2024-10-24 13:01:33.9650, 2024-10-24, 13:01:33, 37, 1
2024-10-24 13:01:46.0080, 2024-10-24, 13:01:46, 38, 1
2024-10-24 13:01:51.7230, 2024-10-24, 13:01:51, 39, 1
2024-10-24 13:02:01.1250, 2024-10-24, 13:02:01, 40, 1
2024-10-24 13:02:21.9640, 2024-10-24, 13:02:21, 41, 1
2024-10-24 13:02:46.1870, 2024-10-24, 13:02:46, 42, 1
2024-10-24 13:02:50.2320, 2024-10-24, 13:02:50, 43, 1
2024-10-24 13:02:55.7900, 2024-10-24, 13:02:55, 44, 1
2024-10-24 13:02:59.0270, 2024-10-24, 13:02:59, 45, 1
2024-10-24 13:03:04.5690, 2024-10-24, 13:03:04, 46, 1
2024-10-24 13:03:06.2340, 2024-10-24, 13:03:06, 47, 1
2024-10-24 13:03:09.6120, 2024-10-24, 13:03:09, 48, 1
2024-10-24 13:03:10.2100, 2024-10-24, 13:03:10, 49, 1
2024-10-24 13:03:42.6180, 2024-10-24, 13:03:42, 50, 1
2024-10-24 13:03:46.0460, 2024-10-24, 13:03:46, 51, 1
2024-10-24 13:03:56.8470, 2024-10-24, 13:03:56, 52, 1
2024-10-24 13:03:57.4110, 2024-10-24, 13:03:57, 53, 1
2024-10-24 13:04:00.5260, 2024-10-24, 13:04:00, 54, 1
2024-10-24 13:04:10.0860, 2024-10-24, 13:04:10, 55, 1
2024-10-24 13:04:14.4310, 2024-10-24, 13:04:14, 56, 1
2024-10-24 13:04:17.9450, 2024-10-24, 13:04:17, 57, 1
2024-10-24 13:04:26.7860, 2024-10-24, 13:04:26, 58, 1
2024-10-24 13:04:58.1960, 2024-10-24, 13:04:58, 59, 1
2024-10-24 13:05:28.5470, 2024-10-24, 13:05:28, 60, 1
2024-10-24 13:05:29.8410, 2024-10-24, 13:05:29, 61, 1
2024-10-24 13:05:31.6140, 2024-10-24, 13:05:31, 62, 1
2024-10-24 13:05:38.4210, 2024-10-24, 13:05:38, 63, 1
2024-10-24 13:05:39.8520, 2024-10-24, 13:05:39, 64, 1
2024-10-24 13:05:41.2070, 2024-10-24, 13:05:41, 65, 1
2024-10-24 13:05:42.1080, 2024-10-24, 13:05:42, 66, 1
2024-10-24 13:05:45.1360, 2024-10-24, 13:05:45, 67, 1
2024-10-24 13:05:57.5350, 2024-10-24, 13:05:57, 68, 1
2024-10-24 13:05:58.9490, 2024-10-24, 13:05:58, 69, 1
2024-10-24 13:06:06.8030, 2024-10-24, 13:06:06, 70, 1
2024-10-24 13:06:11.0770, 2024-10-24, 13:06:11, 71, 1
2024-10-24 13:06:25.4600, 2024-10-24, 13:06:25, 72, 1
2024-10-24 13:06:28.5710, 2024-10-24, 13:06:28, 73, 1
2024-10-24 13:06:45.7280, 2024-10-24, 13:06:45, 74, 1
2024-10-24 13:06:49.5710, 2024-10-24, 13:06:49, 75, 1
2024-10-24 13:06:54.4820, 2024-10-24, 13:06:54, 76, 1
2024-10-24 13:06:58.3200, 2024-10-24, 13:06:58, 77, 1
2024-10-24 13:07:08.5160, 2024-10-24, 13:07:08, 78, 1
2024-10-24 13:07:15.2260, 2024-10-24, 13:07:15, 79, 1
2024-10-24 13:07:20.7280, 2024-10-24, 13:07:20, 80, 1
2024-10-24 13:07:28.5710, 2024-10-24, 13:07:28, 81, 1
2024-10-24 13:07:33.0850, 2024-10-24, 13:07:33, 82, 1
2024-10-24 13:07:34.5160, 2024-10-24, 13:07:34, 83, 1
2024-10-24 13:08:00.1920, 2024-10-24, 13:08:00, 84, 1
2024-10-24 13:08:11.0270, 2024-10-24, 13:08:11, 85, 1
2024-10-24 13:08:18.9420, 2024-10-24, 13:08:18, 86, 1
2024-10-24 13:08:39.4060, 2024-10-24, 13:08:39, 87, 1
2024-10-24 13:08:43.7530, 2024-10-24, 13:08:43, 88, 1
2024-10-24 13:08:47.1740, 2024-10-24, 13:08:47, 89, 1
2024-10-24 13:09:06.4000, 2024-10-24, 13:09:06, 90, 1
2024-10-24 13:09:07.3090, 2024-10-24, 13:09:07, 91, 1
2024-10-24 13:09:09.8120, 2024-10-24, 13:09:09, 92, 1
2024-10-24 13:09:10.5290, 2024-10-24, 13:09:10, 93, 1
2024-10-24 13:09:15.9970, 2024-10-24, 13:09:15, 94, 1
2024-10-24 13:09:16.8540, 2024-10-24, 13:09:16, 95, 1
2024-10-24 13:09:22.0900, 2024-10-24, 13:09:22, 96, 1
2024-10-24 13:09:23.8970, 2024-10-24, 13:09:23, 97, 1
2024-10-24 13:09:29.8220, 2024-10-24, 13:09:29, 98, 1
2024-10-24 13:09:38.0720, 2024-10-24, 13:09:38, 99, 1
2024-10-24 13:09:42.1510, 2024-10-24, 13:09:42, 100, 1
2024-10-24 13:09:47.7370, 2024-10-24, 13:09:47, 101, 1
2024-10-24 13:09:49.5530, 2024-10-24, 13:09:49, 102, 1
2024-10-24 13:09:50.5970, 2024-10-24, 13:09:50, 103, 1
2024-10-24 13:10:01.4740, 2024-10-24, 13:10:01, 104, 1
2024-10-24 13:10:02.2220, 2024-10-24, 13:10:02, 105, 1
2024-10-24 13:10:14.4640, 2024-10-24, 13:10:14, 106, 1
2024-10-24 13:10:28.4570, 2024-10-24, 13:10:28, 107, 1
2024-10-24 13:10:38.9790, 2024-10-24, 13:10:38, 108, 1
2024-10-24 13:11:00.8620, 2024-10-24, 13:11:00, 109, 1
2024-10-24 13:11:26.5910, 2024-10-24, 13:11:26, 110, 1
2024-10-24 13:11:44.7510, 2024-10-24, 13:11:44, 111, 1
2024-10-24 13:11:55.0990, 2024-10-24, 13:11:55, 112, 1
2024-10-24 13:12:03.0340, 2024-10-24, 13:12:03, 113, 1
2024-10-24 13:12:12.2050, 2024-10-24, 13:12:12, 114, 1
2024-10-24 13:12:22.8940, 2024-10-24, 13:12:22, 115, 1
2024-10-24 13:12:33.2010, 2024-10-24, 13:12:33, 116, 1
2024-10-24 13:12:36.0640, 2024-10-24, 13:12:36, 117, 1
2024-10-24 13:12:41.1090, 2024-10-24, 13:12:41, 118, 1
2024-10-24 13:12:42.2740, 2024-10-24, 13:12:42, 119, 1
2024-10-24 13:13:02.0020, 2024-10-24, 13:13:02, 120, 1
2024-10-24 13:13:05.8710, 2024-10-24, 13:13:05, 121, 1
2024-10-24 13:13:09.8760, 2024-10-24, 13:13:09, 122, 1
2024-10-24 13:13:10.3910, 2024-10-24, 13:13:10, 123, 1
2024-10-24 13:13:16.3090, 2024-10-24, 13:13:16, 124, 1
2024-10-24 13:13:28.5120, 2024-10-24, 13:13:28, 125, 1
2024-10-24 13:13:35.5520, 2024-10-24, 13:13:35, 126, 1
2024-10-24 13:13:38.3980, 2024-10-24, 13:13:38, 127, 1
2024-10-24 13:13:45.2720, 2024-10-24, 13:13:45, 128, 1
2024-10-24 13:13:47.7680, 2024-10-24, 13:13:47, 129, 1
2024-10-24 13:13:54.3030, 2024-10-24, 13:13:54, 130, 1
2024-10-24 13:13:59.1920, 2024-10-24, 13:13:59, 131, 1
2024-10-24 13:14:19.3440, 2024-10-24, 13:14:19, 132, 1
2024-10-24 13:14:19.8650, 2024-10-24, 13:14:19, 133, 1
2024-10-24 13:14:21.5890, 2024-10-24, 13:14:21, 134, 1
2024-10-24 13:14:29.0230, 2024-10-24, 13:14:29, 135, 1
2024-10-24 13:14:34.7160, 2024-10-24, 13:14:34, 136, 1
2024-10-24 13:14:36.1250, 2024-10-24, 13:14:36, 137, 1
2024-10-24 13:14:36.8720, 2024-10-24, 13:14:36, 138, 1
2024-10-24 13:15:16.8090, 2024-10-24, 13:15:16, 139, 1
2024-10-24 13:15:23.8010, 2024-10-24, 13:15:23, 140, 1
2024-10-24 13:15:24.3730, 2024-10-24, 13:15:24, 141, 1
2024-10-24 13:15:29.7400, 2024-10-24, 13:15:29, 142, 1
2024-10-24 13:15:35.2920, 2024-10-24, 13:15:35, 143, 1
2024-10-24 13:15:47.3500, 2024-10-24, 13:15:47, 144, 1
2024-10-24 13:15:54.1230, 2024-10-24, 13:15:54, 145, 1
2024-10-24 13:16:35.8170, 2024-10-24, 13:16:35, 146, 1
2024-10-24 13:17:33.7400, 2024-10-24, 13:17:33, 147, 1
2024-10-24 13:17:34.3310, 2024-10-24, 13:17:34, 148, 1
2024-10-24 13:17:56.2910, 2024-10-24, 13:17:56, 149, 1
2024-10-24 13:17:58.3800, 2024-10-24, 13:17:58, 150, 1
2024-10-24 13:18:12.2860, 2024-10-24, 13:18:12, 151, 1
2024-10-24 13:18:16.0740, 2024-10-24, 13:18:16, 152, 1
2024-10-24 13:18:29.1280, 2024-10-24, 13:18:29, 153, 1
2024-10-24 13:18:40.3970, 2024-10-24, 13:18:40, 154, 1
2024-10-24 13:18:51.7330, 2024-10-24, 13:18:51, 155, 1
2024-10-24 13:18:56.2960, 2024-10-24, 13:18:56, 156, 1
2024-10-24 13:18:56.8280, 2024-10-24, 13:18:56, 157, 1
2024-10-24 13:19:00.0750, 2024-10-24, 13:19:00, 158, 1
2024-10-24 13:19:04.6960, 2024-10-24, 13:19:04, 159, 1
2024-10-24 13:19:06.9740, 2024-10-24, 13:19:06, 160, 1
2024-10-24 13:19:10.2050, 2024-10-24, 13:19:10, 161, 1
2024-10-24 13:19:12.0690, 2024-10-24, 13:19:12, 162, 1
2024-10-24 13:19:15.5060, 2024-10-24, 13:19:15, 163, 1
2024-10-24 13:19:18.6440, 2024-10-24, 13:19:18, 164, 1
2024-10-24 13:19:33.6010, 2024-10-24, 13:19:33, 165, 1
2024-10-24 13:19:34.2960, 2024-10-24, 13:19:34, 166, 1
2024-10-24 13:19:40.9800, 2024-10-24, 13:19:40, 167, 1
2024-10-24 13:19:49.2060, 2024-10-24, 13:19:49, 168, 1
2024-10-24 13:19:57.4390, 2024-10-24, 13:19:57, 169, 1
2024-10-24 13:20:03.5310, 2024-10-24, 13:20:03, 170, 1
2024-10-24 13:20:05.4390, 2024-10-24, 13:20:05, 171, 1
2024-10-24 13:20:07.9700, 2024-10-24, 13:20:07, 172, 1
2024-10-24 13:20:13.3930, 2024-10-24, 13:20:13, 173, 1
2024-10-24 13:20:19.5460, 2024-10-24, 13:20:19, 174, 1
2024-10-24 13:20:27.7060, 2024-10-24, 13:20:27, 175, 1
2024-10-24 13:21:03.8260, 2024-10-24, 13:21:03, 176, 1
2024-10-24 13:21:23.8620, 2024-10-24, 13:21:23, 177, 1
2024-10-24 13:21:39.3010, 2024-10-24, 13:21:39, 178, 1
2024-10-24 13:21:42.8830, 2024-10-24, 13:21:42, 179, 1
2024-10-24 13:22:09.3620, 2024-10-24, 13:22:09, 180, 1
2024-10-24 13:22:23.4710, 2024-10-24, 13:22:23, 181, 1
2024-10-24 13:22:26.4080, 2024-10-24, 13:22:26, 182, 1
2024-10-24 13:22:30.1110, 2024-10-24, 13:22:30, 183, 1
2024-10-24 13:23:01.6250, 2024-10-24, 13:23:01, 184, 1
2024-10-24 13:23:05.0040, 2024-10-24, 13:23:05, 185, 1
2024-10-24 13:23:08.4630, 2024-10-24, 13:23:08, 186, 1
2024-10-24 13:23:11.3050, 2024-10-24, 13:23:11, 187, 1
2024-10-24 13:23:16.3970, 2024-10-24, 13:23:16, 188, 1
2024-10-24 13:23:17.1050, 2024-10-24, 13:23:17, 189, 1
2024-10-24 13:23:23.5710, 2024-10-24, 13:23:23, 190, 1
2024-10-24 13:23:25.8100, 2024-10-24, 13:23:25, 191, 1
2024-10-24 13:23:28.3400, 2024-10-24, 13:23:28, 192, 1
2024-10-24 13:23:54.0850, 2024-10-24, 13:23:54, 193, 1
2024-10-24 13:23:54.5660, 2024-10-24, 13:23:54, 194, 1
2024-10-24 13:23:55.2300, 2024-10-24, 13:23:55, 195, 1
2024-10-24 13:23:56.3800, 2024-10-24, 13:23:56, 196, 1
2024-10-24 13:23:59.2190, 2024-10-24, 13:23:59, 197, 1
2024-10-24 13:24:05.3270, 2024-10-24, 13:24:05, 198, 1
2024-10-24 13:24:08.7590, 2024-10-24, 13:24:08, 199, 1
2024-10-24 13:24:11.5490, 2024-10-24, 13:24:11, 200, 1
2024-10-24 13:24:15.4030, 2024-10-24, 13:24:15, 201, 1
2024-10-24 13:24:17.9610, 2024-10-24, 13:24:17, 202, 1
2024-10-24 13:24:19.9410, 2024-10-24, 13:24:19, 203, 1
2024-10-24 13:24:22.5870, 2024-10-24, 13:24:22, 204, 1
2024-10-24 13:24:31.4110, 2024-10-24, 13:24:31, 205, 1
2024-10-24 13:25:03.5480, 2024-10-24, 13:25:03, 206, 1
2024-10-24 13:25:16.0850, 2024-10-24, 13:25:16, 207, 1
2024-10-24 13:25:22.8520, 2024-10-24, 13:25:22, 208, 1
2024-10-24 13:25:40.8190, 2024-10-24, 13:25:40, 209, 1
2024-10-24 13:25:55.2520, 2024-10-24, 13:25:55, 210, 1
2024-10-24 13:25:59.5560, 2024-10-24, 13:25:59, 211, 1
2024-10-24 13:26:00.1880, 2024-10-24, 13:26:00, 212, 1
2024-10-24 13:26:00.8790, 2024-10-24, 13:26:00, 213, 1
2024-10-24 13:26:08.2030, 2024-10-24, 13:26:08, 214, 1
2024-10-24 14:01:27.9810, 2024-10-24, 14:01:27, 215, 1
2024-10-24 14:01:29.0110, 2024-10-24, 14:01:29, 216, 1
2024-10-24 14:01:29.7510, 2024-10-24, 14:01:29, 217, 1
2024-10-24 14:01:33.2630, 2024-10-24, 14:01:33, 218, 1
2024-10-24 14:01:34.3100, 2024-10-24, 14:01:34, 219, 1
2024-10-24 14:01:38.8190, 2024-10-24, 14:01:38, 220, 1
2024-10-24 14:01:40.1170, 2024-10-24, 14:01:40, 221, 1
2024-10-24 14:02:09.6570, 2024-10-24, 14:02:09, 222, 1
2024-10-24 14:02:15.0220, 2024-10-24, 14:02:15, 223, 1
2024-10-24 14:02:15.5220, 2024-10-24, 14:02:15, 224, 1
2024-10-24 14:02:26.7870, 2024-10-24, 14:02:26, 225, 1
2024-10-24 14:02:45.0600, 2024-10-24, 14:02:45, 226, 1
2024-10-24 14:02:45.7180, 2024-10-24, 14:02:45, 227, 1
2024-10-24 14:02:49.3470, 2024-10-24, 14:02:49, 228, 1
2024-10-24 14:02:50.3540, 2024-10-24, 14:02:50, 229, 1
2024-10-24 14:02:50.9320, 2024-10-24, 14:02:50, 230, 1
2024-10-24 14:03:02.2120, 2024-10-24, 14:03:02, 231, 1
2024-10-24 14:03:04.4610, 2024-10-24, 14:03:04, 232, 1
2024-10-24 14:03:05.9110, 2024-10-24, 14:03:05, 233, 1
2024-10-24 14:03:08.1540, 2024-10-24, 14:03:08, 234, 1
2024-10-24 14:03:15.3430, 2024-10-24, 14:03:15, 235, 1
2024-10-24 14:03:18.7880, 2024-10-24, 14:03:18, 236, 1
2024-10-24 14:03:20.6870, 2024-10-24, 14:03:20, 237, 1
2024-10-24 14:03:22.2860, 2024-10-24, 14:03:22, 238, 1
2024-10-24 14:03:24.8990, 2024-10-24, 14:03:24, 239, 1
2024-10-24 14:03:26.4470, 2024-10-24, 14:03:26, 240, 1
2024-10-24 14:03:28.1890, 2024-10-24, 14:03:28, 241, 1
2024-10-24 14:03:29.1210, 2024-10-24, 14:03:29, 242, 1
2024-10-24 14:03:30.9470, 2024-10-24, 14:03:30, 243, 1
2024-10-24 14:03:32.5870, 2024-10-24, 14:03:32, 244, 1
2024-10-24 14:03:35.4470, 2024-10-24, 14:03:35, 245, 1
2024-10-24 14:03:36.0090, 2024-10-24, 14:03:36, 246, 1
2024-10-24 14:03:42.3620, 2024-10-24, 14:03:42, 247, 1
2024-10-24 14:03:46.9150, 2024-10-24, 14:03:46, 248, 1
2024-10-24 14:03:49.6060, 2024-10-24, 14:03:49, 249, 1
2024-10-24 14:03:52.0130, 2024-10-24, 14:03:52, 250, 1
2024-10-24 14:03:52.9940, 2024-10-24, 14:03:52, 251, 1
2024-10-24 14:03:59.4800, 2024-10-24, 14:03:59, 252, 1
2024-10-24 14:04:07.8640, 2024-10-24, 14:04:07, 253, 1
2024-10-24 14:04:14.2590, 2024-10-24, 14:04:14, 254, 1
2024-10-24 14:04:20.3460, 2024-10-24, 14:04:20, 255, 1
2024-10-24 14:04:24.5770, 2024-10-24, 14:04:24, 256, 1
2024-10-24 14:04:25.4210, 2024-10-24, 14:04:25, 257, 1
2024-10-24 14:04:27.2050, 2024-10-24, 14:04:27, 258, 1
2024-10-24 14:04:34.5580, 2024-10-24, 14:04:34, 259, 1
2024-10-24 14:04:41.6900, 2024-10-24, 14:04:41, 260, 1
2024-10-24 14:04:49.1200, 2024-10-24, 14:04:49, 261, 1
2024-10-24 14:04:49.6920, 2024-10-24, 14:04:49, 262, 1
2024-10-24 14:04:58.2620, 2024-10-24, 14:04:58, 263, 1
2024-10-24 14:05:01.2860, 2024-10-24, 14:05:01, 264, 1
2024-10-24 14:05:02.9360, 2024-10-24, 14:05:02, 265, 1
2024-10-24 14:05:03.7410, 2024-10-24, 14:05:03, 266, 1
2024-10-24 14:05:06.0830, 2024-10-24, 14:05:06, 267, 1
2024-10-24 14:05:08.9890, 2024-10-24, 14:05:08, 268, 1
2024-10-24 14:05:25.6280, 2024-10-24, 14:05:25, 269, 1
2024-10-24 14:05:26.2440, 2024-10-24, 14:05:26, 270, 1
2024-10-24 14:05:29.2490, 2024-10-24, 14:05:29, 271, 1
2024-10-24 14:05:32.5800, 2024-10-24, 14:05:32, 272, 1
2024-10-24 14:05:34.3040, 2024-10-24, 14:05:34, 273, 1
2024-10-24 14:05:37.3270, 2024-10-24, 14:05:37, 274, 1
2024-10-24 14:05:38.1840, 2024-10-24, 14:05:38, 275, 1
2024-10-24 14:05:38.9840, 2024-10-24, 14:05:38, 276, 1
2024-10-24 14:05:46.9630, 2024-10-24, 14:05:46, 277, 1
2024-10-24 14:05:49.9790, 2024-10-24, 14:05:49, 278, 1
2024-10-24 14:05:53.7350, 2024-10-24, 14:05:53, 279, 1
2024-10-24 14:05:54.6160, 2024-10-24, 14:05:54, 280, 1
2024-10-24 14:05:58.3960, 2024-10-24, 14:05:58, 281, 1
2024-10-24 14:06:01.7340, 2024-10-24, 14:06:01, 282, 1
2024-10-24 14:06:04.8500, 2024-10-24, 14:06:04, 283, 1
2024-10-24 14:06:09.4970, 2024-10-24, 14:06:09, 284, 1
2024-10-24 14:06:12.0780, 2024-10-24, 14:06:12, 285, 1
2024-10-24 14:06:16.2510, 2024-10-24, 14:06:16, 286, 1
2024-10-24 14:06:22.1060, 2024-10-24, 14:06:22, 287, 1
2024-10-24 14:06:33.9260, 2024-10-24, 14:06:33, 288, 1
2024-10-24 14:06:42.0820, 2024-10-24, 14:06:42, 289, 1
2024-10-24 14:06:45.0720, 2024-10-24, 14:06:45, 290, 1
2024-10-24 14:06:55.4390, 2024-10-24, 14:06:55, 291, 1
2024-10-24 14:07:15.6240, 2024-10-24, 14:07:15, 292, 1
2024-10-24 14:07:16.3580, 2024-10-24, 14:07:16, 293, 1
2024-10-24 14:07:19.1310, 2024-10-24, 14:07:19, 294, 1
2024-10-24 14:07:48.8920, 2024-10-24, 14:07:48, 295, 1
2024-10-24 14:07:59.3360, 2024-10-24, 14:07:59, 296, 1
2024-10-24 14:08:04.3070, 2024-10-24, 14:08:04, 297, 1
2024-10-24 14:08:05.7530, 2024-10-24, 14:08:05, 298, 1
2024-10-24 14:08:07.8860, 2024-10-24, 14:08:07, 299, 1
2024-10-24 14:08:16.1090, 2024-10-24, 14:08:16, 300, 1
2024-10-24 14:08:20.7610, 2024-10-24, 14:08:20, 301, 1
2024-10-24 14:08:22.1620, 2024-10-24, 14:08:22, 302, 1
2024-10-24 14:08:27.0170, 2024-10-24, 14:08:27, 303, 1
2024-10-24 14:08:27.4880, 2024-10-24, 14:08:27, 304, 1
2024-10-24 14:08:31.4270, 2024-10-24, 14:08:31, 305, 1
2024-10-24 14:08:44.8890, 2024-10-24, 14:08:44, 306, 1
2024-10-24 14:09:06.8120, 2024-10-24, 14:09:06, 307, 1
2024-10-24 14:09:08.4270, 2024-10-24, 14:09:08, 308, 1
2024-10-24 14:09:11.0900, 2024-10-24, 14:09:11, 309, 1
2024-10-24 14:09:15.7530, 2024-10-24, 14:09:15, 310, 1
2024-10-24 14:09:19.3960, 2024-10-24, 14:09:19, 311, 1
2024-10-24 14:09:23.8230, 2024-10-24, 14:09:23, 312, 1
2024-10-24 14:09:26.0630, 2024-10-24, 14:09:26, 313, 1
2024-10-24 14:09:28.7920, 2024-10-24, 14:09:28, 314, 1
2024-10-24 14:09:47.1390, 2024-10-24, 14:09:47, 315, 1
2024-10-24 14:10:05.8490, 2024-10-24, 14:10:05, 316, 1
2024-10-24 14:10:07.6470, 2024-10-24, 14:10:07, 317, 1
2024-10-24 14:10:14.2970, 2024-10-24, 14:10:14, 318, 1
2024-10-24 14:10:17.2090, 2024-10-24, 14:10:17, 319, 1
2024-10-24 14:10:18.8990, 2024-10-24, 14:10:18, 320, 1
2024-10-24 14:10:22.2130, 2024-10-24, 14:10:22, 321, 1
2024-10-24 14:10:23.9120, 2024-10-24, 14:10:23, 322, 1
2024-10-24 14:10:24.6910, 2024-10-24, 14:10:24, 323, 1
2024-10-24 14:10:25.5420, 2024-10-24, 14:10:25, 324, 1
2024-10-24 14:10:26.1570, 2024-10-24, 14:10:26, 325, 1
2024-10-24 14:10:26.9830, 2024-10-24, 14:10:26, 326, 1
2024-10-24 14:10:29.6340, 2024-10-24, 14:10:29, 327, 1
2024-10-24 14:10:31.0640, 2024-10-24, 14:10:31, 328, 1
2024-10-24 14:10:32.5960, 2024-10-24, 14:10:32, 329, 1
2024-10-24 14:10:35.1700, 2024-10-24, 14:10:35, 330, 1
2024-10-24 14:10:35.8280, 2024-10-24, 14:10:35, 331, 1
2024-10-24 14:10:36.3770, 2024-10-24, 14:10:36, 332, 1
2024-10-24 14:10:43.3790, 2024-10-24, 14:10:43, 333, 1
2024-10-24 14:10:46.5370, 2024-10-24, 14:10:46, 334, 1
2024-10-24 14:10:56.7430, 2024-10-24, 14:10:56, 335, 1
2024-10-24 14:10:58.3590, 2024-10-24, 14:10:58, 336, 1
2024-10-24 14:11:00.6240, 2024-10-24, 14:11:00, 337, 1
2024-10-24 14:11:03.4370, 2024-10-24, 14:11:03, 338, 1
2024-10-24 14:11:12.1980, 2024-10-24, 14:11:12, 339, 1
2024-10-24 14:11:13.0690, 2024-10-24, 14:11:13, 340, 1
2024-10-24 14:11:15.6930, 2024-10-24, 14:11:15, 341, 1
2024-10-24 14:11:24.6700, 2024-10-24, 14:11:24, 342, 1
2024-10-24 14:11:59.4270, 2024-10-24, 14:11:59, 343, 1
2024-10-24 14:12:07.9760, 2024-10-24, 14:12:07, 344, 1
2024-10-24 14:12:12.4270, 2024-10-24, 14:12:12, 345, 1
2024-10-24 14:12:13.0540, 2024-10-24, 14:12:13, 346, 1
2024-10-24 14:12:18.5130, 2024-10-24, 14:12:18, 347, 1
2024-10-24 14:12:31.1270, 2024-10-24, 14:12:31, 348, 1
2024-10-24 14:12:31.7270, 2024-10-24, 14:12:31, 349, 1
2024-10-24 14:12:37.4140, 2024-10-24, 14:12:37, 350, 1
2024-10-24 14:12:43.2780, 2024-10-24, 14:12:43, 351, 1
2024-10-24 14:13:03.3540, 2024-10-24, 14:13:03, 352, 1
2024-10-24 14:13:06.5860, 2024-10-24, 14:13:06, 353, 1
2024-10-24 14:13:12.0550, 2024-10-24, 14:13:12, 354, 1
2024-10-24 14:13:12.6620, 2024-10-24, 14:13:12, 355, 1
2024-10-24 14:13:13.5190, 2024-10-24, 14:13:13, 356, 1
2024-10-24 14:13:15.3930, 2024-10-24, 14:13:15, 357, 1
2024-10-24 14:13:17.0090, 2024-10-24, 14:13:17, 358, 1
2024-10-24 14:13:19.2410, 2024-10-24, 14:13:19, 359, 1
2024-10-24 14:13:21.9110, 2024-10-24, 14:13:21, 360, 1
2024-10-24 14:13:38.3390, 2024-10-24, 14:13:38, 361, 1
2024-10-24 14:14:07.2920, 2024-10-24, 14:14:07, 362, 1
2024-10-24 14:14:27.8060, 2024-10-24, 14:14:27, 363, 1
2024-10-24 14:14:47.4010, 2024-10-24, 14:14:47, 364, 1
2024-10-24 14:14:50.2570, 2024-10-24, 14:14:50, 365, 1
2024-10-24 14:14:54.0270, 2024-10-24, 14:14:54, 366, 1
2024-10-24 14:14:56.6080, 2024-10-24, 14:14:56, 367, 1
2024-10-24 14:15:03.3440, 2024-10-24, 14:15:03, 368, 1
2024-10-24 14:15:08.7390, 2024-10-24, 14:15:08, 369, 1
2024-10-24 14:15:17.2730, 2024-10-24, 14:15:17, 370, 1
2024-10-24 14:15:24.5130, 2024-10-24, 14:15:24, 371, 1
2024-10-24 14:15:40.1770, 2024-10-24, 14:15:40, 372, 1
2024-10-24 14:15:53.6930, 2024-10-24, 14:15:53, 373, 1
2024-10-24 14:16:37.3780, 2024-10-24, 14:16:37, 374, 1
2024-10-24 14:16:51.2080, 2024-10-24, 14:16:51, 375, 1
2024-10-24 14:16:53.2990, 2024-10-24, 14:16:53, 376, 1
2024-10-24 14:17:16.2830, 2024-10-24, 14:17:16, 377, 1
2024-10-24 14:17:17.6740, 2024-10-24, 14:17:17, 378, 1
2024-10-24 14:17:21.6600, 2024-10-24, 14:17:21, 379, 1
2024-10-24 14:17:28.0210, 2024-10-24, 14:17:28, 380, 1
2024-10-24 14:17:29.9270, 2024-10-24, 14:17:29, 381, 1
2024-10-24 14:17:33.7730, 2024-10-24, 14:17:33, 382, 1
2024-10-24 14:17:47.4910, 2024-10-24, 14:17:47, 383, 1
2024-10-24 14:17:48.7910, 2024-10-24, 14:17:48, 384, 1
2024-10-24 14:17:51.1450, 2024-10-24, 14:17:51, 385, 1
2024-10-24 14:17:51.9940, 2024-10-24, 14:17:51, 386, 1
2024-10-24 14:17:52.6920, 2024-10-24, 14:17:52, 387, 1
2024-10-24 14:17:59.1040, 2024-10-24, 14:17:59, 388, 1
2024-10-24 14:18:05.4900, 2024-10-24, 14:18:05, 389, 1
2024-10-24 14:18:14.5560, 2024-10-24, 14:18:14, 390, 1
2024-10-24 14:18:23.3270, 2024-10-24, 14:18:23, 391, 1
2024-10-24 14:18:56.0140, 2024-10-24, 14:18:56, 392, 1
2024-10-24 14:18:56.5700, 2024-10-24, 14:18:56, 393, 1
2024-10-24 14:19:15.8920, 2024-10-24, 14:19:15, 394, 1
2024-10-24 14:19:16.8810, 2024-10-24, 14:19:16, 395, 1
2024-10-24 14:19:39.9040, 2024-10-24, 14:19:39, 396, 1
2024-10-24 14:19:42.1940, 2024-10-24, 14:19:42, 397, 1
2024-10-24 14:19:58.1390, 2024-10-24, 14:19:58, 398, 1
2024-10-24 14:20:01.5970, 2024-10-24, 14:20:01, 399, 1
2024-10-24 14:20:12.1180, 2024-10-24, 14:20:12, 400, 1
2024-10-24 14:20:14.0310, 2024-10-24, 14:20:14, 401, 1
2024-10-24 14:20:14.9720, 2024-10-24, 14:20:14, 402, 1
2024-10-24 14:20:17.6440, 2024-10-24, 14:20:17, 403, 1
2024-10-24 14:20:20.8750, 2024-10-24, 14:20:20, 404, 1
2024-10-24 14:20:22.6080, 2024-10-24, 14:20:22, 405, 1
2024-10-24 14:20:42.9970, 2024-10-24, 14:20:42, 406, 1
2024-10-24 14:20:43.9030, 2024-10-24, 14:20:43, 407, 1
2024-10-24 14:20:48.6520, 2024-10-24, 14:20:48, 408, 1
2024-10-24 14:20:53.5030, 2024-10-24, 14:20:53, 409, 1
2024-10-24 14:20:55.3110, 2024-10-24, 14:20:55, 410, 1
2024-10-24 14:21:07.1650, 2024-10-24, 14:21:07, 411, 1
2024-10-24 14:21:17.2140, 2024-10-24, 14:21:17, 412, 1
2024-10-24 14:21:19.4610, 2024-10-24, 14:21:19, 413, 1
2024-10-24 14:21:21.5080, 2024-10-24, 14:21:21, 414, 1
2024-10-24 14:21:40.1530, 2024-10-24, 14:21:40, 415, 1
2024-10-24 14:21:42.3260, 2024-10-24, 14:21:42, 416, 1
2024-10-24 14:22:03.5850, 2024-10-24, 14:22:03, 417, 1
2024-10-24 14:22:06.4140, 2024-10-24, 14:22:06, 418, 1
2024-10-24 14:22:24.1930, 2024-10-24, 14:22:24, 419, 1
2024-10-24 14:22:58.6770, 2024-10-24, 14:22:58, 420, 1
2024-10-24 14:23:03.2810, 2024-10-24, 14:23:03, 421, 1
2024-10-24 14:23:17.7960, 2024-10-24, 14:23:17, 422, 1
2024-10-24 14:23:31.4370, 2024-10-24, 14:23:31, 423, 1
2024-10-24 14:23:32.2350, 2024-10-24, 14:23:32, 424, 1
2024-10-24 14:23:40.1170, 2024-10-24, 14:23:40, 425, 1
2024-10-24 14:24:09.3820, 2024-10-24, 14:24:09, 426, 1
2024-10-24 14:24:10.8870, 2024-10-24, 14:24:10, 427, 1
2024-10-24 14:24:30.1960, 2024-10-24, 14:24:30, 428, 1
2024-10-24 14:24:32.4170, 2024-10-24, 14:24:32, 429, 1
2024-10-24 14:24:47.7510, 2024-10-24, 14:24:47, 430, 1
2024-10-24 14:24:49.2400, 2024-10-24, 14:24:49, 431, 1
2024-10-24 14:24:52.5050, 2024-10-24, 14:24:52, 432, 1
2024-10-24 14:24:56.6070, 2024-10-24, 14:24:56, 433, 1
2024-10-24 14:24:59.3330, 2024-10-24, 14:24:59, 434, 1
2024-10-24 14:25:04.7110, 2024-10-24, 14:25:04, 435, 1
2024-10-24 14:25:08.7940, 2024-10-24, 14:25:08, 436, 1
2024-10-24 14:25:11.2520, 2024-10-24, 14:25:11, 437, 1
2024-10-24 14:25:12.0840, 2024-10-24, 14:25:12, 438, 1
2024-10-24 14:25:23.7920, 2024-10-24, 14:25:23, 439, 1
2024-10-24 14:25:24.3820, 2024-10-24, 14:25:24, 440, 1
2024-10-24 14:25:27.9620, 2024-10-24, 14:25:27, 441, 1
2024-10-24 14:26:09.2470, 2024-10-24, 14:26:09, 442, 1
2024-10-24 14:26:21.8670, 2024-10-24, 14:26:21, 443, 1
2024-10-24 14:26:26.7410, 2024-10-24, 14:26:26, 444, 1
2024-10-24 14:26:30.9710, 2024-10-24, 14:26:30, 445, 1
2024-10-24 14:26:40.5930, 2024-10-24, 14:26:40, 446, 1
2024-10-24 14:27:11.0650, 2024-10-24, 14:27:11, 447, 1
2024-10-24 14:27:15.2950, 2024-10-24, 14:27:15, 448, 1
2024-10-24 14:27:35.4130, 2024-10-24, 14:27:35, 449, 1
2024-10-24 14:28:03.8340, 2024-10-24, 14:28:03, 450, 1
2024-10-24 14:28:04.4700, 2024-10-24, 14:28:04, 451, 1
2024-10-24 14:28:05.1290, 2024-10-24, 14:28:05, 452, 1
2024-10-24 14:28:07.1340, 2024-10-24, 14:28:07, 453, 1
2024-10-24 14:28:09.1570, 2024-10-24, 14:28:09, 454, 1
2024-10-24 14:28:14.4080, 2024-10-24, 14:28:14, 455, 1
2024-10-24 14:28:18.1070, 2024-10-24, 14:28:18, 456, 1
2024-10-24 14:28:19.8330, 2024-10-24, 14:28:19, 457, 1
2024-10-24 14:28:28.5370, 2024-10-24, 14:28:28, 458, 1
2024-10-24 14:28:34.9650, 2024-10-24, 14:28:34, 459, 1
2024-10-24 14:28:39.1760, 2024-10-24, 14:28:39, 460, 1
2024-10-24 14:28:58.7430, 2024-10-24, 14:28:58, 461, 1
2024-10-24 14:29:05.3150, 2024-10-24, 14:29:05, 462, 1
2024-10-24 14:29:16.8180, 2024-10-24, 14:29:16, 463, 1
2024-10-24 14:29:28.3230, 2024-10-24, 14:29:28, 464, 1
2024-10-24 14:29:32.9940, 2024-10-24, 14:29:32, 465, 1
2024-10-24 14:30:24.2740, 2024-10-24, 14:30:24, 466, 1
2024-10-24 14:30:43.4510, 2024-10-24, 14:30:43, 467, 1
2024-10-24 14:30:57.2300, 2024-10-24, 14:30:57, 468, 1
2024-10-24 14:31:22.6550, 2024-10-24, 14:31:22, 469, 1
2024-10-24 14:31:29.8000, 2024-10-24, 14:31:29, 470, 1
2024-10-24 14:31:30.8050, 2024-10-24, 14:31:30, 471, 1
2024-10-24 14:32:00.7590, 2024-10-24, 14:32:00, 472, 1
2024-10-24 14:32:15.7500, 2024-10-24, 14:32:15, 473, 1
2024-10-24 14:32:25.2760, 2024-10-24, 14:32:25, 474, 1
2024-10-24 14:32:32.6820, 2024-10-24, 14:32:32, 475, 1
2024-10-24 14:32:39.7900, 2024-10-24, 14:32:39, 476, 1
2024-10-24 14:32:45.6160, 2024-10-24, 14:32:45, 477, 1
